INSERT INTO `User`
(id, username, password, firstname, lastname, email, last_connection, au_creation_date, au_creation_user, au_modification_date, au_modification_user, au_active)
VALUES
(1, 'system', '$2a$10$XV.0RF18UaQUj6KFF/ovXOaixpi50W3p6cGQI.WEGt3ZeYOo7RXve', 'System', 'Administrator', 'system@gmail.com', NULL, NOW(), 0, NULL, NULL, 0),
(2, 'endikadmin', '$2a$10$XV.0RF18UaQUj6KFF/ovXOaixpi50W3p6cGQI.WEGt3ZeYOo7RXve', 'Endika', 'Fernández Cuesta', 'endika.fernandezcuesta@gmail.com', NULL, NOW(), 0, NULL, NULL, 0),
(3, 'iraichef', '$2a$10$XV.0RF18UaQUj6KFF/ovXOaixpi50W3p6cGQI.WEGt3ZeYOo7RXve', 'Irai', 'Fernández Morales', 'irai.fernandezmorales@gmail.com', NULL, NOW(), 0, NULL, NULL, 0),
(4, 'ainhoauser', '$2a$10$XV.0RF18UaQUj6KFF/ovXOaixpi50W3p6cGQI.WEGt3ZeYOo7RXve', 'Ainhoa', 'Morales Melillán', 'ainhoa.moralesmelillan@gmail.com', NULL, NOW(), 0, NULL, NULL, 0),
(5, 'alaiachef', '$2a$10$XV.0RF18UaQUj6KFF/ovXOaixpi50W3p6cGQI.WEGt3ZeYOo7RXve', 'Alaia', 'Fernández Morales', 'alaia.fernandezmorales@gmail.com', NULL, NOW(), 0, NULL, NULL, 0);


INSERT INTO `Role` (`id`, `name`, `au_creation_date`, `au_creation_user`, `au_active`) VALUES
-- 'Administrator role that can CRUD users and assign them a role.'
(1, 'ROLE_ADMIN',  NOW(), 1, 1),
-- 'Chef role that must be able to CRUD his recipes, only his recipes, not the recipes of other chefs.'
(2, 'ROLE_CHEF', NOW(), 1, 1),
-- 'User role that should be able to browse recipes, search recipes by keywords and add comments to recipes.'
(3, 'ROLE_USER',  NOW(), 1, 1);

INSERT INTO `Membership` (role_id, user_id) VALUES(1, 1),(2, 1),(3, 1),(1, 2),(2, 3),(3, 4),(2,5);

INSERT INTO Recipe (id, user_id, name, description, au_creation_date, au_creation_user, au_modification_date, au_modification_user, au_active) VALUES 
(1, 3, 'Receta 1', 'Lorem Ipsum is simply dummy text of the printing and typesetting industry. Lorem Ipsum has been the industry''s standard dummy text ever since the 1500s, when an unknown printer took a galley of type and scrambled it to make a type specimen book. It has survived not only five centuries, but also the leap into electronic typesetting, remaining essentially unchanged. It was popularised in the 1960s with the release of Letraset sheets containing Lorem Ipsum passages, and more recently with desktop publishing software like Aldus PageMaker including versions of Lorem Ipsum.', NOW(), 3, NULL, NULL, 1),
(2, 3, 'Recipe 2', 'Lorem Ipsum2 is simply dummy text of the printing and typesetting industry. Lorem Ipsum has been the industry''s standard dummy text ever since the 1500s, when an unknown printer took a galley of type and scrambled it to make a type specimen book. It has survived not only five centuries, but also the leap into electronic typesetting, remaining essentially unchanged. It was popularised in the 1960s with the release of Letraset sheets containing Lorem Ipsum passages, and more recently with desktop publishing software like Aldus PageMaker including versions of Lorem Ipsum.', NOW(), 3, NULL, NULL, 1),
(3, 3, 'Recipe 3', 'Lorem Ipsum3 is simply dummy text of the printing and typesetting industry. Lorem Ipsum has been the industry''s standard dummy text ever since the 1500s, when an unknown printer took a galley of type and scrambled it to make a type specimen book. It has survived not only five centuries, but also the leap into electronic typesetting, remaining essentially unchanged. It was popularised in the 1960s with the release of Letraset sheets containing Lorem Ipsum passages, and more recently with desktop publishing software like Aldus PageMaker including versions of Lorem Ipsum.', NOW(), 3, NULL, NULL, 1),
(4, 3, 'Recipe 4', 'Lorem Ipsum4 is simply dummy text of the printing and typesetting industry. Lorem Ipsum has been the industry''s standard dummy text ever since the 1500s, when an unknown printer took a galley of type and scrambled it to make a type specimen book. It has survived not only five centuries, but also the leap into electronic typesetting, remaining essentially unchanged. It was popularised in the 1960s with the release of Letraset sheets containing Lorem Ipsum passages, and more recently with desktop publishing software like Aldus PageMaker including versions of Lorem Ipsum.', NOW(), 3, NULL, NULL, 1),
(5, 3, 'Recipe 5', 'Lorem Ipsum5 is simply dummy text of the printing and typesetting industry. Lorem Ipsum has been the industry''s standard dummy text ever since the 1500s, when an unknown printer took a galley of type and scrambled it to make a type specimen book. It has survived not only five centuries, but also the leap into electronic typesetting, remaining essentially unchanged. It was popularised in the 1960s with the release of Letraset sheets containing Lorem Ipsum passages, and more recently with desktop publishing software like Aldus PageMaker including versions of Lorem Ipsum.', NOW(), 3, NULL, NULL, 1),
(6, 3, 'Recipe 6', 'Lorem Ipsum6 is simply dummy text of the printing and typesetting industry. Lorem Ipsum has been the industry''s standard dummy text ever since the 1500s, when an unknown printer took a galley of type and scrambled it to make a type specimen book. It has survived not only five centuries, but also the leap into electronic typesetting, remaining essentially unchanged. It was popularised in the 1960s with the release of Letraset sheets containing Lorem Ipsum passages, and more recently with desktop publishing software like Aldus PageMaker including versions of Lorem Ipsum.', NOW(), 3, NULL, NULL, 1),
(7, 3, 'Recipe 7', 'Lorem Ipsum7 is simply dummy text of the printing and typesetting industry. Lorem Ipsum has been the industry''s standard dummy text ever since the 1500s, when an unknown printer took a galley of type and scrambled it to make a type specimen book. It has survived not only five centuries, but also the leap into electronic typesetting, remaining essentially unchanged. It was popularised in the 1960s with the release of Letraset sheets containing Lorem Ipsum passages, and more recently with desktop publishing software like Aldus PageMaker including versions of Lorem Ipsum.', NOW(), 3, NULL, NULL, 1),
(8, 3, 'Recipe 8', 'Lorem Ipsum8 is simply dummy text of the printing and typesetting industry. Lorem Ipsum has been the industry''s standard dummy text ever since the 1500s, when an unknown printer took a galley of type and scrambled it to make a type specimen book. It has survived not only five centuries, but also the leap into electronic typesetting, remaining essentially unchanged. It was popularised in the 1960s with the release of Letraset sheets containing Lorem Ipsum passages, and more recently with desktop publishing software like Aldus PageMaker including versions of Lorem Ipsum.', NOW(), 3, NULL, NULL, 1),
(9, 3, 'Recipe 9', 'Lorem Ipsum9 is simply dummy text of the printing and typesetting industry. Lorem Ipsum has been the industry''s standard dummy text ever since the 1500s, when an unknown printer took a galley of type and scrambled it to make a type specimen book. It has survived not only five centuries, but also the leap into electronic typesetting, remaining essentially unchanged. It was popularised in the 1960s with the release of Letraset sheets containing Lorem Ipsum passages, and more recently with desktop publishing software like Aldus PageMaker including versions of Lorem Ipsum.', NOW(), 3, NULL, NULL, 1),
(10, 3, 'Recipe 10', 'Lorem Ipsum10 is simply dummy text of the printing and typesetting industry. Lorem Ipsum has been the industry''s standard dummy text ever since the 1500s, when an unknown printer took a galley of type and scrambled it to make a type specimen book. It has survived not only five centuries, but also the leap into electronic typesetting, remaining essentially unchanged. It was popularised in the 1960s with the release of Letraset sheets containing Lorem Ipsum passages, and more recently with desktop publishing software like Aldus PageMaker including versions of Lorem Ipsum.', NOW(), 3, NULL, NULL, 1),
(11, 3, 'Recipe 11', 'Lorem Ipsum11 is simply dummy text of the printing and typesetting industry. Lorem Ipsum has been the industry''s standard dummy text ever since the 1500s, when an unknown printer took a galley of type and scrambled it to make a type specimen book. It has survived not only five centuries, but also the leap into electronic typesetting, remaining essentially unchanged. It was popularised in the 1960s with the release of Letraset sheets containing Lorem Ipsum passages, and more recently with desktop publishing software like Aldus PageMaker including versions of Lorem Ipsum.', NOW(), 3, NULL, NULL, 1),
(12, 3, 'Recipe 12', 'Lorem Ipsum12 is simply dummy text of the printing and typesetting industry. Lorem Ipsum has been the industry''s standard dummy text ever since the 1500s, when an unknown printer took a galley of type and scrambled it to make a type specimen book. It has survived not only five centuries, but also the leap into electronic typesetting, remaining essentially unchanged. It was popularised in the 1960s with the release of Letraset sheets containing Lorem Ipsum passages, and more recently with desktop publishing software like Aldus PageMaker including versions of Lorem Ipsum.', NOW(), 3, NULL, NULL, 1),
(13, 3, 'Recipe 13', 'Lorem Ipsum13 is simply dummy text of the printing and typesetting industry. Lorem Ipsum has been the industry''s standard dummy text ever since the 1500s, when an unknown printer took a galley of type and scrambled it to make a type specimen book. It has survived not only five centuries, but also the leap into electronic typesetting, remaining essentially unchanged. It was popularised in the 1960s with the release of Letraset sheets containing Lorem Ipsum passages, and more recently with desktop publishing software like Aldus PageMaker including versions of Lorem Ipsum.', NOW(), 3, NULL, NULL, 1),
(14, 3, 'Recipe 14', 'Lorem Ipsum14 is simply dummy text of the printing and typesetting industry. Lorem Ipsum has been the industry''s standard dummy text ever since the 1500s, when an unknown printer took a galley of type and scrambled it to make a type specimen book. It has survived not only five centuries, but also the leap into electronic typesetting, remaining essentially unchanged. It was popularised in the 1960s with the release of Letraset sheets containing Lorem Ipsum passages, and more recently with desktop publishing software like Aldus PageMaker including versions of Lorem Ipsum.', NOW(), 3, NULL, NULL, 1),
(15, 3, 'Recipe 15', 'Lorem Ipsum15 is simply dummy text of the printing and typesetting industry. Lorem Ipsum has been the industry''s standard dummy text ever since the 1500s, when an unknown printer took a galley of type and scrambled it to make a type specimen book. It has survived not only five centuries, but also the leap into electronic typesetting, remaining essentially unchanged. It was popularised in the 1960s with the release of Letraset sheets containing Lorem Ipsum passages, and more recently with desktop publishing software like Aldus PageMaker including versions of Lorem Ipsum.', NOW(), 3, NULL, NULL, 1),
(16, 3, 'Recipe 16', 'Lorem Ipsum16 is simply dummy text of the printing and typesetting industry. Lorem Ipsum has been the industry''s standard dummy text ever since the 1500s, when an unknown printer took a galley of type and scrambled it to make a type specimen book. It has survived not only five centuries, but also the leap into electronic typesetting, remaining essentially unchanged. It was popularised in the 1960s with the release of Letraset sheets containing Lorem Ipsum passages, and more recently with desktop publishing software like Aldus PageMaker including versions of Lorem Ipsum.', NOW(), 3, NULL, NULL, 1),
(17, 3, 'Recipe 17', 'Lorem Ipsum17 is simply dummy text of the printing and typesetting industry. Lorem Ipsum has been the industry''s standard dummy text ever since the 1500s, when an unknown printer took a galley of type and scrambled it to make a type specimen book. It has survived not only five centuries, but also the leap into electronic typesetting, remaining essentially unchanged. It was popularised in the 1960s with the release of Letraset sheets containing Lorem Ipsum passages, and more recently with desktop publishing software like Aldus PageMaker including versions of Lorem Ipsum.', NOW(), 3, NULL, NULL, 1),
(18, 3, 'Recipe 18', 'Lorem Ipsum18 is simply dummy text of the printing and typesetting industry. Lorem Ipsum has been the industry''s standard dummy text ever since the 1500s, when an unknown printer took a galley of type and scrambled it to make a type specimen book. It has survived not only five centuries, but also the leap into electronic typesetting, remaining essentially unchanged. It was popularised in the 1960s with the release of Letraset sheets containing Lorem Ipsum passages, and more recently with desktop publishing software like Aldus PageMaker including versions of Lorem Ipsum.', NOW(), 3, NULL, NULL, 1),
(19, 3, 'Recipe 19', 'Lorem Ipsum19 is simply dummy text of the printing and typesetting industry. Lorem Ipsum has been the industry''s standard dummy text ever since the 1500s, when an unknown printer took a galley of type and scrambled it to make a type specimen book. It has survived not only five centuries, but also the leap into electronic typesetting, remaining essentially unchanged. It was popularised in the 1960s with the release of Letraset sheets containing Lorem Ipsum passages, and more recently with desktop publishing software like Aldus PageMaker including versions of Lorem Ipsum.', NOW(), 3, NULL, NULL, 1),
(20, 3, 'Recipe 20', 'Lorem Ipsum20 is simply dummy text of the printing and typesetting industry. Lorem Ipsum has been the industry''s standard dummy text ever since the 1500s, when an unknown printer took a galley of type and scrambled it to make a type specimen book. It has survived not only five centuries, but also the leap into electronic typesetting, remaining essentially unchanged. It was popularised in the 1960s with the release of Letraset sheets containing Lorem Ipsum passages, and more recently with desktop publishing software like Aldus PageMaker including versions of Lorem Ipsum.', NOW(), 3, NULL, NULL, 1),
(21, 3, 'Recipe 21', 'Lorem Ipsum21 is simply dummy text of the printing and typesetting industry. Lorem Ipsum has been the industry''s standard dummy text ever since the 1500s, when an unknown printer took a galley of type and scrambled it to make a type specimen book. It has survived not only five centuries, but also the leap into electronic typesetting, remaining essentially unchanged. It was popularised in the 1960s with the release of Letraset sheets containing Lorem Ipsum passages, and more recently with desktop publishing software like Aldus PageMaker including versions of Lorem Ipsum.', NOW(), 3, NULL, NULL, 1),
(22, 3, 'Recipe 22', 'Lorem Ipsum22 is simply dummy text of the printing and typesetting industry. Lorem Ipsum has been the industry''s standard dummy text ever since the 1500s, when an unknown printer took a galley of type and scrambled it to make a type specimen book. It has survived not only five centuries, but also the leap into electronic typesetting, remaining essentially unchanged. It was popularised in the 1960s with the release of Letraset sheets containing Lorem Ipsum passages, and more recently with desktop publishing software like Aldus PageMaker including versions of Lorem Ipsum.', NOW(), 3, NULL, NULL, 1),
(23, 3, 'Recipe 23', 'Lorem Ipsum23 is simply dummy text of the printing and typesetting industry. Lorem Ipsum has been the industry''s standard dummy text ever since the 1500s, when an unknown printer took a galley of type and scrambled it to make a type specimen book. It has survived not only five centuries, but also the leap into electronic typesetting, remaining essentially unchanged. It was popularised in the 1960s with the release of Letraset sheets containing Lorem Ipsum passages, and more recently with desktop publishing software like Aldus PageMaker including versions of Lorem Ipsum.', NOW(), 3, NULL, NULL, 1),
(24, 3, 'Recipe 24', 'Lorem Ipsum24 is simply dummy text of the printing and typesetting industry. Lorem Ipsum has been the industry''s standard dummy text ever since the 1500s, when an unknown printer took a galley of type and scrambled it to make a type specimen book. It has survived not only five centuries, but also the leap into electronic typesetting, remaining essentially unchanged. It was popularised in the 1960s with the release of Letraset sheets containing Lorem Ipsum passages, and more recently with desktop publishing software like Aldus PageMaker including versions of Lorem Ipsum.', NOW(), 3, NULL, NULL, 1),
(25, 3, 'Recipe 25', 'Lorem Ipsum25 is simply dummy text of the printing and typesetting industry. Lorem Ipsum has been the industry''s standard dummy text ever since the 1500s, when an unknown printer took a galley of type and scrambled it to make a type specimen book. It has survived not only five centuries, but also the leap into electronic typesetting, remaining essentially unchanged. It was popularised in the 1960s with the release of Letraset sheets containing Lorem Ipsum passages, and more recently with desktop publishing software like Aldus PageMaker including versions of Lorem Ipsum.', NOW(), 3, NULL, NULL, 1),
(26, 3, 'Recipe 26', 'Lorem Ipsum26 is simply dummy text of the printing and typesetting industry. Lorem Ipsum has been the industry''s standard dummy text ever since the 1500s, when an unknown printer took a galley of type and scrambled it to make a type specimen book. It has survived not only five centuries, but also the leap into electronic typesetting, remaining essentially unchanged. It was popularised in the 1960s with the release of Letraset sheets containing Lorem Ipsum passages, and more recently with desktop publishing software like Aldus PageMaker including versions of Lorem Ipsum.', NOW(), 3, NULL, NULL, 1),
(27, 3, 'Recipe 27', 'Lorem Ipsum27 is simply dummy text of the printing and typesetting industry. Lorem Ipsum has been the industry''s standard dummy text ever since the 1500s, when an unknown printer took a galley of type and scrambled it to make a type specimen book. It has survived not only five centuries, but also the leap into electronic typesetting, remaining essentially unchanged. It was popularised in the 1960s with the release of Letraset sheets containing Lorem Ipsum passages, and more recently with desktop publishing software like Aldus PageMaker including versions of Lorem Ipsum.', NOW(), 3, NULL, NULL, 1),
(28, 3, 'Recipe 28', 'Lorem Ipsum28 is simply dummy text of the printing and typesetting industry. Lorem Ipsum has been the industry''s standard dummy text ever since the 1500s, when an unknown printer took a galley of type and scrambled it to make a type specimen book. It has survived not only five centuries, but also the leap into electronic typesetting, remaining essentially unchanged. It was popularised in the 1960s with the release of Letraset sheets containing Lorem Ipsum passages, and more recently with desktop publishing software like Aldus PageMaker including versions of Lorem Ipsum.', NOW(), 3, NULL, NULL, 1),
(29, 3, 'Recipe 29', 'Lorem Ipsum29 is simply dummy text of the printing and typesetting industry. Lorem Ipsum has been the industry''s standard dummy text ever since the 1500s, when an unknown printer took a galley of type and scrambled it to make a type specimen book. It has survived not only five centuries, but also the leap into electronic typesetting, remaining essentially unchanged. It was popularised in the 1960s with the release of Letraset sheets containing Lorem Ipsum passages, and more recently with desktop publishing software like Aldus PageMaker including versions of Lorem Ipsum.', NOW(), 3, NULL, NULL, 1),
(30, 3, 'Recipe 30', 'Lorem Ipsum30 is simply dummy text of the printing and typesetting industry. Lorem Ipsum has been the industry''s standard dummy text ever since the 1500s, when an unknown printer took a galley of type and scrambled it to make a type specimen book. It has survived not only five centuries, but also the leap into electronic typesetting, remaining essentially unchanged. It was popularised in the 1960s with the release of Letraset sheets containing Lorem Ipsum passages, and more recently with desktop publishing software like Aldus PageMaker including versions of Lorem Ipsum.', NOW(), 3, NULL, NULL, 1),
(31, 5, 'Recipe 31', 'Lorem Ipsum31 is simply dummy text of the printing and typesetting industry. Lorem Ipsum has been the industry''s standard dummy text ever since the 1500s, when an unknown printer took a galley of type and scrambled it to make a type specimen book. It has survived not only five centuries, but also the leap into electronic typesetting, remaining essentially unchanged. It was popularised in the 1960s with the release of Letraset sheets containing Lorem Ipsum passages, and more recently with desktop publishing software like Aldus PageMaker including versions of Lorem Ipsum.', NOW(), 3, NULL, NULL, 1),
(32, 5, 'Recipe 32', 'Lorem Ipsum32 is simply dummy text of the printing and typesetting industry. Lorem Ipsum has been the industry''s standard dummy text ever since the 1500s, when an unknown printer took a galley of type and scrambled it to make a type specimen book. It has survived not only five centuries, but also the leap into electronic typesetting, remaining essentially unchanged. It was popularised in the 1960s with the release of Letraset sheets containing Lorem Ipsum passages, and more recently with desktop publishing software like Aldus PageMaker including versions of Lorem Ipsum.', NOW(), 3, NULL, NULL, 1),
(33, 5, 'Recipe 33', 'Lorem Ipsum33 is simply dummy text of the printing and typesetting industry. Lorem Ipsum has been the industry''s standard dummy text ever since the 1500s, when an unknown printer took a galley of type and scrambled it to make a type specimen book. It has survived not only five centuries, but also the leap into electronic typesetting, remaining essentially unchanged. It was popularised in the 1960s with the release of Letraset sheets containing Lorem Ipsum passages, and more recently with desktop publishing software like Aldus PageMaker including versions of Lorem Ipsum.', NOW(), 3, NULL, NULL, 1),
(34, 5, 'Recipe 34', 'Lorem Ipsum34 is simply dummy text of the printing and typesetting industry. Lorem Ipsum has been the industry''s standard dummy text ever since the 1500s, when an unknown printer took a galley of type and scrambled it to make a type specimen book. It has survived not only five centuries, but also the leap into electronic typesetting, remaining essentially unchanged. It was popularised in the 1960s with the release of Letraset sheets containing Lorem Ipsum passages, and more recently with desktop publishing software like Aldus PageMaker including versions of Lorem Ipsum.', NOW(), 3, NULL, NULL, 1),
(35, 5, 'Recipe 35', 'Lorem Ipsum35 is simply dummy text of the printing and typesetting industry. Lorem Ipsum has been the industry''s standard dummy text ever since the 1500s, when an unknown printer took a galley of type and scrambled it to make a type specimen book. It has survived not only five centuries, but also the leap into electronic typesetting, remaining essentially unchanged. It was popularised in the 1960s with the release of Letraset sheets containing Lorem Ipsum passages, and more recently with desktop publishing software like Aldus PageMaker including versions of Lorem Ipsum.', NOW(), 3, NULL, NULL, 1),
(36, 5, 'Recipe 36', 'Lorem Ipsum36 is simply dummy text of the printing and typesetting industry. Lorem Ipsum has been the industry''s standard dummy text ever since the 1500s, when an unknown printer took a galley of type and scrambled it to make a type specimen book. It has survived not only five centuries, but also the leap into electronic typesetting, remaining essentially unchanged. It was popularised in the 1960s with the release of Letraset sheets containing Lorem Ipsum passages, and more recently with desktop publishing software like Aldus PageMaker including versions of Lorem Ipsum.', NOW(), 3, NULL, NULL, 1),
(37, 5, 'Recipe 37', 'Lorem Ipsum37 is simply dummy text of the printing and typesetting industry. Lorem Ipsum has been the industry''s standard dummy text ever since the 1500s, when an unknown printer took a galley of type and scrambled it to make a type specimen book. It has survived not only five centuries, but also the leap into electronic typesetting, remaining essentially unchanged. It was popularised in the 1960s with the release of Letraset sheets containing Lorem Ipsum passages, and more recently with desktop publishing software like Aldus PageMaker including versions of Lorem Ipsum.', NOW(), 3, NULL, NULL, 1),
(38, 5, 'Recipe 38', 'Lorem Ipsum38 is simply dummy text of the printing and typesetting industry. Lorem Ipsum has been the industry''s standard dummy text ever since the 1500s, when an unknown printer took a galley of type and scrambled it to make a type specimen book. It has survived not only five centuries, but also the leap into electronic typesetting, remaining essentially unchanged. It was popularised in the 1960s with the release of Letraset sheets containing Lorem Ipsum passages, and more recently with desktop publishing software like Aldus PageMaker including versions of Lorem Ipsum.', NOW(), 3, NULL, NULL, 1),
(39, 5, 'Recipe 39', 'Lorem Ipsum39 is simply dummy text of the printing and typesetting industry. Lorem Ipsum has been the industry''s standard dummy text ever since the 1500s, when an unknown printer took a galley of type and scrambled it to make a type specimen book. It has survived not only five centuries, but also the leap into electronic typesetting, remaining essentially unchanged. It was popularised in the 1960s with the release of Letraset sheets containing Lorem Ipsum passages, and more recently with desktop publishing software like Aldus PageMaker including versions of Lorem Ipsum.', NOW(), 3, NULL, NULL, 1),
(40, 5, 'Recipe 40', 'Lorem Ipsum40 is simply dummy text of the printing and typesetting industry. Lorem Ipsum has been the industry''s standard dummy text ever since the 1500s, when an unknown printer took a galley of type and scrambled it to make a type specimen book. It has survived not only five centuries, but also the leap into electronic typesetting, remaining essentially unchanged. It was popularised in the 1960s with the release of Letraset sheets containing Lorem Ipsum passages, and more recently with desktop publishing software like Aldus PageMaker including versions of Lorem Ipsum.', NOW(), 3, NULL, NULL, 1),
(41, 5, 'Recipe 41', 'Lorem Ipsum41 is simply dummy text of the printing and typesetting industry. Lorem Ipsum has been the industry''s standard dummy text ever since the 1500s, when an unknown printer took a galley of type and scrambled it to make a type specimen book. It has survived not only five centuries, but also the leap into electronic typesetting, remaining essentially unchanged. It was popularised in the 1960s with the release of Letraset sheets containing Lorem Ipsum passages, and more recently with desktop publishing software like Aldus PageMaker including versions of Lorem Ipsum.', NOW(), 3, NULL, NULL, 1),
(42, 5, 'Recipe 42', 'Lorem Ipsum42 is simply dummy text of the printing and typesetting industry. Lorem Ipsum has been the industry''s standard dummy text ever since the 1500s, when an unknown printer took a galley of type and scrambled it to make a type specimen book. It has survived not only five centuries, but also the leap into electronic typesetting, remaining essentially unchanged. It was popularised in the 1960s with the release of Letraset sheets containing Lorem Ipsum passages, and more recently with desktop publishing software like Aldus PageMaker including versions of Lorem Ipsum.', NOW(), 3, NULL, NULL, 1);


INSERT INTO Keyword
(id, keyword, au_creation_date, au_creation_user, au_modification_date, au_modification_user, au_active)
VALUES
(1, 'Test 1', NOW(), 3, NULL, NULL, 1),
(2, 'Lunch', NOW(), 3, NULL, NULL, 1),
(3, 'Breakfast', NOW(), 3, NULL, NULL, 1),
(4, 'Lunch', NOW(), 3, NULL, NULL, 1),
(5, 'Test 2', NOW(), 3, NULL, NULL, 1),
(6, 'Breakfast', NOW(), 3, NULL, NULL, 1),
(7, 'Breakfast', NOW(), 5, NULL, NULL, 1),
(8, 'Test 3', NOW(), 5, NULL, NULL, 1),
(9, 'Test 4', NOW(), 5, NULL, NULL, 1),
(10, 'Lunch', NOW(), 5, NULL, NULL, 1),
(11, 'Dinner', NOW(), 5, NULL, NULL, 1);

INSERT INTO RecipeKeyword (recipe_id, keyword_id)
VALUES
(1, 1),
(2, 2),
(3, 3),
(3, 4),
(3, 5),
(6, 6),
(31, 7),
(32, 8),
(33, 9),
(42, 10),
(42, 11);

INSERT INTO Comment (id, comment, au_creation_date, au_creation_user, au_modification_date, au_modification_user, au_active)
VALUES
(1, 'It is an alternative comment.', NOW(), 3, NULL, NULL, 1),
(2, 'I need to make a test comment.', NOW(), 3, NULL, NULL, 1),
(3, 'It is the best of comments.', NOW(), 3, NULL, NULL, 1),
(4, 'The recipe is very good.', NOW(), 5, NULL, NULL, 1),
(5, 'All the comments are good.', NOW(), 5, NULL, NULL, 1),
(6, 'That was ages ago!', NOW(), 2, NULL, NULL, 1),
(7, 'Better late than never.', NOW(), 2, NULL, NULL, 1),
(8, 'Check it out!', NOW(), 1, NULL, NULL, 1),
(9, 'Fair enough', NOW(), 4, NULL, NULL, 1),
(10, 'Don?t get me wrong!', NOW(), 4, NULL, NULL, 1),
(11, 'I couldn?t agree more!', NOW(), 2, NULL, NULL, 1),
(12, 'I get the picture. ', NOW(), 2, NULL, NULL, 1),
(13, 'I?m only joking.', NOW(), 4, NULL, NULL, 1),
(14, 'I know what you mean.', NOW(), 5, NULL, NULL, 1),
(15, 'I?m absolutely knackered.', NOW(), 5, NULL, NULL, 1),
(16, 'If you say so? ', NOW(), 4, NULL, NULL, 1),
(17, 'I?m starving!', NOW(), 4, NULL, NULL, 1);


INSERT INTO RecipeComment (recipe_id, comment_id)
VALUES
(1, 1),
(1, 2),
(1, 17),
(2, 3),
(2, 4),
(3, 5),
(3, 6),
(6, 7),
(7, 8),
(3, 9),
(3, 10),
(6, 11),
(31, 12),
(32, 13),
(33, 14),
(42, 15),
(42, 16);
